{"cameraMode":{"drawMode":0,"name":"Shaded","section":"Shading Mode"},"sceneLighting":true,"audioPlay":false,"sceneViewState":{"showFog":true,"showMaterialUpdate":false,"showSkybox":true,"showFlares":true,"showImageEffects":true,"showParticleSystems":true},"in2DMode":false,"pivot":{"x":17.806232452392579,"y":-23.678955078125,"z":-4.922208309173584},"rotation":{"x":0.02947600930929184,"y":0.8940196633338928,"z":-0.05834900215268135,"w":0.4435056746006012},"size":43.07350158691406,"orthographic":false}