{"cameraMode":{"drawMode":0,"name":"Shaded","section":"Shading Mode"},"sceneLighting":true,"audioPlay":false,"sceneViewState":{"showFog":true,"showMaterialUpdate":true,"showSkybox":false,"showFlares":true,"showImageEffects":true,"showParticleSystems":true},"in2DMode":false,"pivot":{"x":0.9379758834838867,"y":1.1643595695495606,"z":0.278767466545105},"rotation":{"x":0.016929466277360917,"y":0.6914957761764526,"z":0.01615174487233162,"w":-0.7220622301101685},"size":5.713298797607422,"orthographic":false}