{"cameraMode":{"drawMode":0,"name":"Shaded","section":"Shading Mode"},"sceneLighting":false,"audioPlay":false,"sceneViewState":{"showFog":true,"showMaterialUpdate":true,"showSkybox":false,"showFlares":true,"showImageEffects":true,"showParticleSystems":true},"in2DMode":false,"pivot":{"x":-0.18497109413146974,"y":3.999927043914795,"z":0.13443386554718018},"rotation":{"x":0.1480630338191986,"y":0.4142055809497833,"z":-0.07205265015363693,"w":0.8956625461578369},"size":15.148384094238282,"orthographic":false}