{"cameraMode":{"drawMode":0,"name":"Shaded","section":"Shading Mode"},"sceneLighting":true,"audioPlay":false,"sceneViewState":{"showFog":true,"showMaterialUpdate":true,"showSkybox":true,"showFlares":true,"showImageEffects":true,"showParticleSystems":true},"in2DMode":false,"pivot":{"x":-177.95254516601563,"y":12.585445404052735,"z":126.83612823486328},"rotation":{"x":0.09241705387830734,"y":0.06170909106731415,"z":-0.0056006633676588539,"w":0.9939864277839661},"size":51.30271911621094,"orthographic":false}