{"cameraMode":{"drawMode":0,"name":"Shaded","section":"Shading Mode"},"sceneLighting":true,"audioPlay":false,"sceneViewState":{"showFog":true,"showMaterialUpdate":true,"showSkybox":true,"showFlares":true,"showImageEffects":true,"showParticleSystems":true},"in2DMode":false,"pivot":{"x":-7.2075276374816898,"y":5.027542591094971,"z":0.2524182200431824},"rotation":{"x":0.12149012833833695,"y":-0.6293955445289612,"z":0.09746326506137848,"w":0.7618325352668762},"size":38.42831802368164,"orthographic":false}