{"cameraMode":{"drawMode":0,"name":"Shaded","section":"Shading Mode"},"sceneLighting":false,"audioPlay":false,"sceneViewState":{"showFog":true,"showMaterialUpdate":true,"showSkybox":false,"showFlares":true,"showImageEffects":true,"showParticleSystems":true},"in2DMode":false,"pivot":{"x":-0.37741994857788088,"y":0.02950119972229004,"z":-0.20786118507385255},"rotation":{"x":0.2051243931055069,"y":0.7349890470504761,"z":-0.2535114884376526,"w":0.594848096370697},"size":13.517878532409668,"orthographic":false}